"序号","用户UUID","用户昵称","手机号码","身份证号码","身份证姓名","实收","件数","时间","邮箱信息","TO签内容"
1,db9897306b6040a8bb0d492457b500e3,Peach,13706589999,330402200001011200,陶缘,1999,1,2026-01-02 12:00:00,-,-
2,db9897306b60457b500a8bb0d4920e3,Peach,13706589999,330402200001011200,陶缘1,1999,1,2026-01-02 12:01:00,-,-
3,db9897306b6040a8492457b500ebb0d3,Peach,13706589999,330402200001011200,陶缘2,1999,1,2026-01-02 12:02:00,-,-
4,db98973245706b6040a8bb0d49b500e3,Peach,13706589999,330402200001011200,陶缘3,1999,1,2026-01-02 12:03:00,-,-
5,db9897306ba8bb0d492457b500e60403,Peach,13706589999,330402200001011200,陶缘4,1999,1,2026-01-02 12:04:00,-,-
6,db989247306b6040a8bb0d4957b500e3,Peach,13706589999,330402200001011200,陶缘5,1999,1,2026-01-02 12:05:00,-,-
7,db9897306b604bb0d492457b5000a8e3,Peach,13706589999,330402200001011200,陶缘6,1999,1,2026-01-02 12:06:00,-,-
8,db98973057b500e36b6040a8bb0d4924,Peach,13706589999,330402200001011200,陶缘7,1999,1,2026-01-02 12:07:00,-,-
9,db98973067b500e3b6040a8bb0d49245,Peach,13706589999,330402200001011200,陶缘8,1999,1,2026-01-02 12:08:00,-,-
10,db98973092457b500e36b6040a8bb0d4,Peach,13706589999,330402200001011200,陶缘9,1999,1,2026-01-02 12:09:00,-,-
